<ImportExportXml xmlns:xsi="http://www.w3.org/2001/XMLSchema-instance">
  <Entities></Entities>
  <Roles>
    <Role id="{88d99a50-dcbb-ea11-a812-000d3a0b8c16}" name="D365 Posts Bot" isinherited="1">
      <IsCustomizable>1</IsCustomizable>
      <RolePrivileges>
        <RolePrivilege name="prvActOnBehalfOfAnotherUser" level="Global" />
        <RolePrivilege name="prvAppendPost" level="Global" />
        <RolePrivilege name="prvAppendToPost" level="Global" />
        <RolePrivilege name="prvCreatePost" level="Global" />
        <RolePrivilege name="prvCreateSharePointData" level="Global" />
        <RolePrivilege name="prvDeleteAnyPost" level="Global" />
        <RolePrivilege name="prvReadAccount" level="Global" />
        <RolePrivilege name="prvReadACIViewMapper" level="Global" />
        <RolePrivilege name="prvReadActionCard" level="Global" />
        <RolePrivilege name="prvReadActionCardUserSettings" level="Basic" />
        <RolePrivilege name="prvReadActivity" level="Global" />
        <RolePrivilege name="prvReadAdvancedSimilarityRule" level="Global" />
        <RolePrivilege name="prvReadApplicationFile" level="Global" />
        <RolePrivilege name="prvReadBusinessUnit" level="Global" />
        <RolePrivilege name="prvReadChannelPropertyGroup" level="Global" />
        <RolePrivilege name="prvReadConnection" level="Global" />
        <RolePrivilege name="prvReadConnectionRole" level="Global" />
        <RolePrivilege name="prvReadContact" level="Global" />
        <RolePrivilege name="prvReadCustomerRelationship" level="Global" />
        <RolePrivilege name="prvReadDataPerformance" level="Global" />
        <RolePrivilege name="prvReadDocumentTemplate" level="Global" />
        <RolePrivilege name="prvReadDuplicateRule" level="Global" />
        <RolePrivilege name="prvReadEmailServerProfile" level="Global" />
        <RolePrivilege name="prvReadEmailSignature" level="Global" />
        <RolePrivilege name="prvReadEmailTemplate" level="Global" />
        <RolePrivilege name="prvReadFeedback" level="Global" />
        <RolePrivilege name="prvReadFieldSecurityProfile" level="Global" />
        <RolePrivilege name="prvReadGoalRollupQuery" level="Global" />
        <RolePrivilege name="prvReadImport" level="Global" />
        <RolePrivilege name="prvReadImportFile" level="Global" />
        <RolePrivilege name="prvReadImportMap" level="Global" />
        <RolePrivilege name="prvReadInteractionForEmail" level="Global" />
        <RolePrivilege name="prvReadLanguageLocale" level="Global" />
        <RolePrivilege name="prvReadMailbox" level="Global" />
        <RolePrivilege name="prvReadMailboxTrackingFolder" level="Global" />
        <RolePrivilege name="prvReadMailMergeTemplate" level="Global" />
        <RolePrivilege name="prvReadMobileOfflineProfile" level="Global" />
        <RolePrivilege name="prvReadNewsArticle" level="Global" />
        <RolePrivilege name="prvReadNote" level="Global" />
        <RolePrivilege name="prvReadOrganization" level="Global" />
        <RolePrivilege name="prvReadPersonalDocumentTemplate" level="Global" />
        <RolePrivilege name="prvReadPluginAssembly" level="Global" />
        <RolePrivilege name="prvReadPluginType" level="Global" />
        <RolePrivilege name="prvReadPosition" level="Global" />
        <RolePrivilege name="prvReadPost" level="Global" />
        <RolePrivilege name="prvReadPostFollow" level="Global" />
        <RolePrivilege name="prvReadPrincipalObjectAttributeAccess" level="Global" />
        <RolePrivilege name="prvReadQueue" level="Global" />
        <RolePrivilege name="prvReadRecommendedDocument" level="Global" />
        <RolePrivilege name="prvReadRelationshipRole" level="Global" />
        <RolePrivilege name="prvReadReport" level="Global" />
        <RolePrivilege name="prvReadRole" level="Global" />
        <RolePrivilege name="prvReadSavedOrgInsightsConfiguration" level="Global" />
        <RolePrivilege name="prvReadSdkMessage" level="Global" />
        <RolePrivilege name="prvReadSdkMessageProcessingStep" level="Global" />
        <RolePrivilege name="prvReadSdkMessageProcessingStepImage" level="Global" />
        <RolePrivilege name="prvReadSharePointData" level="Global" />
        <RolePrivilege name="prvReadSharePointDocument" level="Global" />
        <RolePrivilege name="prvReadSharePointDocumentLocation" level="Global" />
        <RolePrivilege name="prvReadSharePointSite" level="Global" />
        <RolePrivilege name="prvReadSuggestionCardTemplate" level="Global" />
        <RolePrivilege name="prvReadSyncError" level="Global" />
        <RolePrivilege name="prvReadTeam" level="Global" />
        <RolePrivilege name="prvReadTextAnalyticsEntityMapping" level="Global" />
        <RolePrivilege name="prvReadTraceLog" level="Global" />
        <RolePrivilege name="prvReadTransactionCurrency" level="Global" />
        <RolePrivilege name="prvReadUser" level="Global" />
        <RolePrivilege name="prvReadUserEntityInstanceData" level="Basic" />
        <RolePrivilege name="prvReadUserEntityUISettings" level="Basic" />
        <RolePrivilege name="prvReadUserForm" level="Basic" />
        <RolePrivilege name="prvReadUserMapping" level="Global" />
        <RolePrivilege name="prvReadUserQuery" level="Basic" />
        <RolePrivilege name="prvReadUserQueryVisualizations" level="Basic" />
        <RolePrivilege name="prvReadUserSettings" level="Global" />
        <RolePrivilege name="prvReadWebWizard" level="Global" />
        <RolePrivilege name="prvReadWizardAccessPrivilege" level="Global" />
        <RolePrivilege name="prvReadWizardPage" level="Global" />
        <RolePrivilege name="prvWriteSharePointData" level="Global" />
      </RolePrivileges>
    </Role>
  </Roles>
  <Workflows></Workflows>
  <FieldSecurityProfiles></FieldSecurityProfiles>
  <Templates />
  <EntityMaps />
  <EntityRelationships />
  <OrganizationSettings />
  <optionsets />
  <CustomControls />
  <SdkMessageProcessingSteps>
    <SdkMessageProcessingStep Name="Create of post" SdkMessageProcessingStepId="{76ede83e-dbbb-ea11-a812-000d3a0b8c16}">
      <SdkMessageId>9ebdbb1b-ea3e-db11-86a7-000a3a5473e8</SdkMessageId>
      <PluginTypeName>Microsoft.Crm.ServiceBus.WebhookPlugin, Microsoft.Crm.ServiceBus, Version=9.0.0.0, Culture=neutral, PublicKeyToken=31bf3856ad364e35</PluginTypeName>
      <PluginTypeId>fe4f0cdb-b254-4fa1-84f6-d58d0759b8b3</PluginTypeId>
      <PrimaryEntity>post</PrimaryEntity>
      <AsyncAutoDelete>1</AsyncAutoDelete>
      <FilteringAttributes></FilteringAttributes>
      <InvocationSource>1</InvocationSource>
      <Mode>1</Mode>
      <Rank>10</Rank>
      <EventHandler>{e0f961df-d9bb-ea11-a812-000d3a0b8c16}</EventHandler>
      <EventHandlerTypeCode>4618</EventHandlerTypeCode>
      <Stage>40</Stage>
      <IsCustomizable>1</IsCustomizable>
      <IsHidden>0</IsHidden>
      <SupportedDeployment>0</SupportedDeployment>
      <IntroducedVersion>1.0</IntroducedVersion>
      <SdkMessageProcessingStepImages />
    </SdkMessageProcessingStep>
    <SdkMessageProcessingStep Name="Create of postcomment" SdkMessageProcessingStepId="{be1bff55-dbbb-ea11-a812-000d3a0b8c16}">
      <SdkMessageId>9ebdbb1b-ea3e-db11-86a7-000a3a5473e8</SdkMessageId>
      <PluginTypeName>Microsoft.Crm.ServiceBus.WebhookPlugin, Microsoft.Crm.ServiceBus, Version=9.0.0.0, Culture=neutral, PublicKeyToken=31bf3856ad364e35</PluginTypeName>
      <PluginTypeId>fe4f0cdb-b254-4fa1-84f6-d58d0759b8b3</PluginTypeId>
      <PrimaryEntity>postcomment</PrimaryEntity>
      <AsyncAutoDelete>1</AsyncAutoDelete>
      <FilteringAttributes></FilteringAttributes>
      <InvocationSource>1</InvocationSource>
      <Mode>1</Mode>
      <Rank>10</Rank>
      <EventHandler>{e0f961df-d9bb-ea11-a812-000d3a0b8c16}</EventHandler>
      <EventHandlerTypeCode>4618</EventHandlerTypeCode>
      <Stage>40</Stage>
      <IsCustomizable>1</IsCustomizable>
      <IsHidden>0</IsHidden>
      <SupportedDeployment>0</SupportedDeployment>
      <IntroducedVersion>1.0</IntroducedVersion>
      <SdkMessageProcessingStepImages />
    </SdkMessageProcessingStep>
  </SdkMessageProcessingSteps>
  <ServiceEndpoints>
    <ServiceEndpoint ServiceEndpointId="{e0f961df-d9bb-ea11-a812-000d3a0b8c16}" Name="D365 Posts Bot">
      <ConnectionMode>1</ConnectionMode>
      <Contract>8</Contract>
      <Path> </Path>
      <SolutionNamespace> </SolutionNamespace>
      <UserClaim>1</UserClaim>
      <IsCustomizable>1</IsCustomizable>
      <AuthType>4</AuthType>
      <MessageFormat>2</MessageFormat>
      <NamespaceFormat>1</NamespaceFormat>
      <Url>https://bot.markcarrington.dev/api/notification</Url>
    </ServiceEndpoint>
  </ServiceEndpoints>
  <EntityDataProviders />
  <Languages>
    <Language>1033</Language>
  </Languages>
</ImportExportXml>